Const,Your Rating,Date Rated,Title,Original Title,URL,Title Type,IMDb Rating,Runtime (mins),Year,Genres,Num Votes,Release Date,Directors
tt1596363,7,2025-10-24,"The Big Short","The Big Short",https://www.imdb.com/title/tt1596363,Movie,7.8,130,2015,"Drama, Biography, Comedy, History",524030,"2015-12-23","Adam McKay"
tt1895587,8,2025-10-23,"Spotlight","Spotlight",https://www.imdb.com/title/tt1895587,Movie,8.1,129,2015,"Drama, Crime, Biography",526506,"2015-11-20","Tom McCarthy"
tt1130884,9,2025-10-22,"Shutter Island","Shutter Island",https://www.imdb.com/title/tt1130884,Movie,8.2,138,2010,"Thriller, Mystery, Drama",1590051,"2010-02-19","Martin Scorsese"
tt30505698,6,2025-10-21,"Friendship","Friendship",https://www.imdb.com/title/tt30505698,Movie,6.7,100,2024,"Comedy",29863,"2025-05-23","Andrew DeYoung"
tt11813216,9,2025-10-20,"The Banshees of Inisherin","The Banshees of Inisherin",https://www.imdb.com/title/tt11813216,Movie,7.7,114,2022,"Drama, Comedy",286628,"2022-11-04","Martin McDonagh"
tt4772188,5,2025-10-18,"Flow","Straume",https://www.imdb.com/title/tt4772188,Movie,7.9,85,2024,"Animation, Adventure, Fantasy, Family",97517,"2025-02-14","Gints Zilbalodis"
tt0046912,7,2025-10-17,"Dial M for Murder","Dial M for Murder",https://www.imdb.com/title/tt0046912,Movie,8.2,105,1954,"Crime, Mystery, Drama, Thriller",201161,"1954-05-29","Alfred Hitchcock"
tt0183649,6,2025-10-16,"Phone Booth","Phone Booth",https://www.imdb.com/title/tt0183649,Movie,7.1,81,2002,"Crime, Thriller",298220,"2003-04-04","Joel Schumacher"
tt5950044,6,2025-10-16,"Superman","Superman",https://www.imdb.com/title/tt5950044,Movie,7.1,129,2025,"Action, Adventure, Sci-Fi",336189,"2025-07-11","James Gunn"
tt0383028,8,2025-10-13,"Synecdoche, New York","Synecdoche, New York",https://www.imdb.com/title/tt0383028,Movie,7.5,124,2008,"Drama",103024,"2009-02-05","Charlie Kaufman"
tt0790636,6,2025-10-13,"Dallas Buyers Club","Dallas Buyers Club",https://www.imdb.com/title/tt0790636,Movie,7.9,117,2013,"Drama, Biography",540840,"2013-11-22","Jean-Marc Vallée"
tt8946378,8,2025-10-12,"Knives Out","Knives Out",https://www.imdb.com/title/tt8946378,Movie,7.9,130,2019,"Crime, Mystery, Thriller, Drama, Comedy",835070,"2019-11-27","Rian Johnson"
tt0121164,7,2025-10-12,"Corpse Bride","Corpse Bride",https://www.imdb.com/title/tt0121164,Movie,7.4,77,2005,"Animation, Musical, Fantasy, Romance, Family, Drama, Comedy",320699,"2005-09-23","Tim Burton,Mike Johnson"
tt14230458,9,2025-10-09,"Poor Things","Poor Things",https://www.imdb.com/title/tt14230458,Movie,7.8,141,2023,"Romance, Sci-Fi, Comedy, Drama",356895,"2023-12-22","Yorgos Lanthimos"
tt0425112,7,2025-10-09,"Hot Fuzz","Hot Fuzz",https://www.imdb.com/title/tt0425112,Movie,7.8,121,2007,"Comedy, Action, Mystery, Thriller",558626,"2007-04-20","Edgar Wright"
tt0862856,6,2025-10-06,"Trick 'r Treat","Trick 'r Treat",https://www.imdb.com/title/tt0862856,Movie,6.7,82,2007,"Horror, Comedy",112200,"2015-11-27","Michael Dougherty"
tt0094721,7,2025-10-06,"Beetlejuice","Beetlejuice",https://www.imdb.com/title/tt0094721,Movie,7.4,92,1988,"Fantasy, Comedy",410475,"1988-03-30","Tim Burton"
tt0162661,3,2025-10-04,"Sleepy Hollow","Sleepy Hollow",https://www.imdb.com/title/tt0162661,Movie,7.3,105,1999,"Mystery, Fantasy, Horror",406411,"1999-11-19","Tim Burton"
tt0077651,5,2025-10-04,"Halloween","Halloween",https://www.imdb.com/title/tt0077651,Movie,7.7,91,1978,"Thriller, Horror",330713,"1978-10-27","John Carpenter"
tt26581740,8,2025-10-02,"Weapons","Weapons",https://www.imdb.com/title/tt26581740,Movie,7.5,128,2025,"Horror, Mystery",197169,"2025-08-08","Zach Cregger"
tt0469494,7,2025-10-01,"There Will Be Blood","There Will Be Blood",https://www.imdb.com/title/tt0469494,Movie,8.2,158,2007,"Drama",688651,"2008-01-25","Paul Thomas Anderson"
tt2562232,8,2025-10-01,"Birdman or (The Unexpected Virtue of Ignorance)","Birdman or (The Unexpected Virtue of Ignorance)",https://www.imdb.com/title/tt2562232,Movie,7.7,119,2014,"Comedy, Drama",689642,"2014-11-14","Alejandro G. Iñárritu"
tt31193180,7,2025-09-30,"Sinners","Sinners",https://www.imdb.com/title/tt31193180,Movie,7.6,137,2025,"Drama, Thriller, Horror, Action, Music",298378,"2025-04-18","Ryan Coogler"
tt1542344,7,2025-09-29,"127 Hours","127 Hours",https://www.imdb.com/title/tt1542344,Movie,7.5,94,2010,"Drama, Biography",419008,"2011-01-28","Danny Boyle"
tt0825232,6,2025-09-26,"The Bucket List","The Bucket List",https://www.imdb.com/title/tt0825232,Movie,7.3,97,2007,"Comedy, Drama, Adventure",268400,"2008-01-11","Rob Reiner"
tt0305224,6,2025-09-25,"Anger Management","Anger Management",https://www.imdb.com/title/tt0305224,Movie,6.3,106,2003,"Comedy",238033,"2003-04-11","Peter Segal"
tt0272338,7,2025-09-24,"Punch-Drunk Love","Punch-Drunk Love",https://www.imdb.com/title/tt0272338,Movie,7.3,95,2002,"Drama, Comedy, Thriller, Romance",192130,"2002-11-01","Paul Thomas Anderson"
tt5727208,7,2025-09-24,"Uncut Gems","Uncut Gems",https://www.imdb.com/title/tt5727208,Movie,7.4,135,2019,"Drama, Crime, Thriller",342264,"2019-12-25","Benny Safdie,Josh Safdie"
tt1485796,7,2025-09-22,"The Greatest Showman","The Greatest Showman",https://www.imdb.com/title/tt1485796,Movie,7.5,105,2017,"Musical, Drama, Biography",337242,"2017-12-20","Michael Gracey"
tt0389860,8,2025-09-22,"Click","Click",https://www.imdb.com/title/tt0389860,Movie,6.4,107,2006,"Comedy, Drama, Romance, Fantasy",378824,"2006-06-23","Frank Coraci"
tt0047396,8,2025-09-21,"Rear Window","Rear Window",https://www.imdb.com/title/tt0047396,Movie,8.5,112,1954,"Drama, Mystery, Thriller",556533,"1954-09-01","Alfred Hitchcock"
tt0078748,5,2025-09-21,"Alien","Alien",https://www.imdb.com/title/tt0078748,Movie,8.5,117,1979,"Horror, Sci-Fi",1038677,"1979-06-22","Ridley Scott"
tt0071853,6,2025-09-19,"Monty Python and the Holy Grail","Monty Python and the Holy Grail",https://www.imdb.com/title/tt0071853,Movie,8.2,91,1975,"Adventure, Fantasy, Comedy",595348,"1975-07-18","Terry Gilliam,Terry Jones"
tt0266697,7,2025-09-19,"Kill Bill: Vol. 1","Kill Bill: Vol. 1",https://www.imdb.com/title/tt0266697,Movie,8.2,111,2003,"Action, Thriller, Crime",1273267,"2003-10-10","Quentin Tarantino"
tt0057012,5,2025-09-18,"Dr. Strangelove or: How I Learned to Stop Worrying and Love the Bomb","Dr. Strangelove or: How I Learned to Stop Worrying and Love the Bomb",https://www.imdb.com/title/tt0057012,Movie,8.3,95,1964,"War, Comedy",544513,"1964-01-29","Stanley Kubrick"
tt0181875,8,2025-09-17,"Almost Famous","Almost Famous",https://www.imdb.com/title/tt0181875,Movie,7.9,122,2000,"Music, Comedy, Adventure, Drama",309676,"2000-09-22","Cameron Crowe"
tt0050825,9,2025-09-17,"Paths of Glory","Paths of Glory",https://www.imdb.com/title/tt0050825,Movie,8.4,88,1957,"Drama, War",231259,"1957-12-25","Stanley Kubrick"
tt0335266,7,2025-09-17,"Lost in Translation","Lost in Translation",https://www.imdb.com/title/tt0335266,Movie,7.7,102,2003,"Comedy, Drama",518462,"2003-10-03","Sofia Coppola"
tt7131622,8,2025-09-13,"Once Upon a Time... in Hollywood","Once Upon a Time in... Hollywood",https://www.imdb.com/title/tt7131622,Movie,7.6,161,2019,"Drama, Comedy",933874,"2019-07-26","Quentin Tarantino"
tt0091763,3,2025-09-12,"Platoon","Platoon",https://www.imdb.com/title/tt0091763,Movie,8.1,120,1986,"Drama, War",463468,"1987-02-06","Oliver Stone"
tt0099487,8,2025-09-12,"Edward Scissorhands","Edward Scissorhands",https://www.imdb.com/title/tt0099487,Movie,7.8,105,1990,"Drama, Romance, Fantasy",554596,"1990-12-14","Tim Burton"
tt7286456,9,2025-09-10,"Joker","Joker",https://www.imdb.com/title/tt7286456,Movie,8.3,122,2019,"Crime, Drama, Thriller",1648651,"2019-10-04","Todd Phillips"
tt0936501,8,2025-09-10,"Taken","Taken",https://www.imdb.com/title/tt0936501,Movie,7.7,90,2008,"Action, Thriller, Crime",662896,"2009-01-30","Pierre Morel"
tt2543164,8,2025-09-08,"Arrival","Arrival",https://www.imdb.com/title/tt2543164,Movie,7.9,116,2016,"Sci-Fi, Drama, Mystery",837933,"2016-11-11","Denis Villeneuve"
tt5052448,7,2025-09-07,"Get Out","Get Out",https://www.imdb.com/title/tt5052448,Movie,7.8,104,2017,"Horror, Mystery, Thriller",785192,"2017-02-24","Jordan Peele"
tt1605783,6,2025-09-07,"Midnight in Paris","Midnight in Paris",https://www.imdb.com/title/tt1605783,Movie,7.6,94,2011,"Comedy, Romance, Fantasy",465792,"2011-06-10","Woody Allen"
tt0080684,7,2025-09-07,"Star Wars: Episode V - The Empire Strikes Back","Star Wars: Episode V - The Empire Strikes Back",https://www.imdb.com/title/tt0080684,Movie,8.7,124,1980,"Fantasy, Sci-Fi, Adventure, Action",1470556,"1980-06-18","Irvin Kershner"
tt0076759,7,2025-09-05,"Star Wars: Episode IV - A New Hope","Star Wars",https://www.imdb.com/title/tt0076759,Movie,8.6,121,1977,"Sci-Fi, Adventure, Fantasy, Action",1536983,"1977-05-25","George Lucas"
tt3402138,7,2025-09-03,"The Naked Gun","The Naked Gun",https://www.imdb.com/title/tt3402138,Movie,6.4,85,2025,"Comedy, Action, Crime",81271,"2025-08-01","Akiva Schaffer"
tt0113247,6,2025-09-02,"La haine","La haine",https://www.imdb.com/title/tt0113247,Movie,8.1,98,1995,"Crime, Drama",218292,"1996-02-23","Mathieu Kassovitz"
tt5083738,6,2025-09-02,"The Favourite","The Favourite",https://www.imdb.com/title/tt5083738,Movie,7.5,119,2018,"Biography, Drama, History, Comedy",252139,"2018-12-21","Yorgos Lanthimos"
tt0119174,8,2025-09-01,"The Game","The Game",https://www.imdb.com/title/tt0119174,Movie,7.7,129,1997,"Drama, Thriller, Mystery",460716,"1997-09-12","David Fincher"
tt3464902,7,2025-08-30,"The Lobster","The Lobster",https://www.imdb.com/title/tt3464902,Movie,7.1,119,2015,"Romance, Sci-Fi, Drama, Thriller",325028,"2015-10-16","Yorgos Lanthimos"
tt0947798,7,2025-08-28,"Black Swan","Black Swan",https://www.imdb.com/title/tt0947798,Movie,8.0,108,2010,"Drama, Thriller",872992,"2010-12-17","Darren Aronofsky"
tt0116922,6,2025-08-28,"Lost Highway","Lost Highway",https://www.imdb.com/title/tt0116922,Movie,7.6,134,1997,"Mystery, Drama, Thriller",166374,"1997-01-15","David Lynch"
tt0361748,9,2025-08-26,"Inglourious Basterds","Inglourious Basterds",https://www.imdb.com/title/tt0361748,Movie,8.4,153,2009,"War, Adventure, Drama",1728040,"2009-08-21","Quentin Tarantino"
tt0390022,7,2025-08-25,"Friday Night Lights","Friday Night Lights",https://www.imdb.com/title/tt0390022,Movie,7.2,118,2004,"Drama, Sport, Action",69765,"2004-10-08","Peter Berg"
tt0117951,6,2025-08-22,"Trainspotting","Trainspotting",https://www.imdb.com/title/tt0117951,Movie,8.1,93,1996,"Crime, Drama",758842,"1996-08-09","Danny Boyle"
tt0327056,7,2025-08-20,"Mystic River","Mystic River",https://www.imdb.com/title/tt0327056,Movie,7.9,138,2003,"Crime, Mystery, Thriller, Drama",512371,"2003-10-15","Clint Eastwood"
tt2788316,8,2025-08-17,"Shōgun","Shogun",https://www.imdb.com/title/tt2788316,TV Series,8.6,60,2024,"Drama, History, Adventure, War, Action",231185,"2024-02-27",
tt14452776,6,2025-08-17,"The Bear","The Bear",https://www.imdb.com/title/tt14452776,TV Series,8.5,30,2022,"Drama, Comedy",294403,"2022-06-23",
tt0214341,10,2025-08-17,"Dragon Ball Z","Dragon Ball Z",https://www.imdb.com/title/tt0214341,TV Series,8.8,24,1996,"Animation, Adventure, Thriller, Sci-Fi, Action, Fantasy",168459,"1996-09-13",
tt1266020,7,2025-08-17,"Parks and Recreation","Parks and Recreation",https://www.imdb.com/title/tt1266020,TV Series,8.6,22,2009,"Comedy",308350,"2009-04-09",
tt0088763,7,2025-08-17,"Back to the Future","Back to the Future",https://www.imdb.com/title/tt0088763,Movie,8.5,116,1985,"Comedy, Sci-Fi, Adventure",1408812,"1985-07-03","Robert Zemeckis"
tt0405159,9,2025-08-16,"Million Dollar Baby","Million Dollar Baby",https://www.imdb.com/title/tt0405159,Movie,8.1,132,2004,"Drama, Sport",755603,"2005-01-28","Clint Eastwood"
tt0110413,9,2025-08-16,"Léon: The Professional","Léon",https://www.imdb.com/title/tt0110413,Movie,8.5,110,1994,"Action, Drama, Crime, Thriller",1324430,"1994-11-18","Luc Besson"
tt1205489,9,2025-08-15,"Gran Torino","Gran Torino",https://www.imdb.com/title/tt1205489,Movie,8.1,116,2008,"Drama",850012,"2009-01-09","Clint Eastwood"
tt0109830,7,2025-08-14,"Forrest Gump","Forrest Gump",https://www.imdb.com/title/tt0109830,Movie,8.8,142,1994,"Romance, Drama",2430659,"1994-07-06","Robert Zemeckis"
tt1979376,7,2025-08-14,"Toy Story 4","Toy Story 4",https://www.imdb.com/title/tt1979376,Movie,7.6,100,2019,"Animation, Comedy, Fantasy, Family, Adventure",304848,"2019-06-21","Josh Cooley"
tt0120363,8,2025-08-14,"Toy Story 2","Toy Story 2",https://www.imdb.com/title/tt0120363,Movie,7.9,92,1999,"Animation, Adventure, Comedy, Family, Fantasy",655657,"1999-11-24","John Lasseter,Ash Brannon,Lee Unkrich"
tt0112573,9,2025-08-13,"Braveheart","Braveheart",https://www.imdb.com/title/tt0112573,Movie,8.3,178,1995,"Biography, Drama, War",1143818,"1995-05-24","Mel Gibson"
tt0073195,7,2025-08-12,"Jaws","Jaws",https://www.imdb.com/title/tt0073195,Movie,8.1,124,1975,"Adventure, Horror, Thriller",720058,"1975-06-20","Steven Spielberg"
tt0120601,7,2025-08-12,"Being John Malkovich","Being John Malkovich",https://www.imdb.com/title/tt0120601,Movie,7.7,113,1999,"Drama, Comedy, Fantasy",365685,"1999-12-03","Spike Jonze"
tt2205697,6,2025-08-12,"Stuck in Love.","Stuck in Love",https://www.imdb.com/title/tt2205697,Movie,7.2,97,2012,"Drama, Comedy, Romance",94646,"2013-05-02","Josh Boone"
tt2713180,6,2025-08-12,"Fury","Fury",https://www.imdb.com/title/tt2713180,Movie,7.6,134,2014,"Action, Drama, War",592270,"2014-10-17","David Ayer"
tt0443706,9,2025-08-12,"Zodiac","Zodiac",https://www.imdb.com/title/tt0443706,Movie,7.7,157,2007,"Drama, Thriller, Crime, Mystery",652245,"2007-03-02","David Fincher"
tt0106677,8,2025-08-10,"Dazed and Confused","Dazed and Confused",https://www.imdb.com/title/tt0106677,Movie,7.6,103,1993,"Comedy",212807,"1993-09-24","Richard Linklater"
tt1392190,7,2025-08-09,"Mad Max: Fury Road","Mad Max: Fury Road",https://www.imdb.com/title/tt1392190,Movie,8.1,120,2015,"Action, Adventure, Sci-Fi",1185574,"2015-05-15","George Miller"
tt0208092,6,2025-08-06,"Snatch","Snatch",https://www.imdb.com/title/tt0208092,Movie,8.2,102,2000,"Comedy, Crime",959881,"2001-01-19","Guy Ritchie"
tt1010048,7,2025-08-06,"Slumdog Millionaire","Slumdog Millionaire",https://www.imdb.com/title/tt1010048,Movie,8.0,120,2008,"Drama, Romance, Crime",901595,"2008-12-25","Danny Boyle,Loveleen Tandan"
tt0414387,8,2025-08-05,"Pride & Prejudice","Pride & Prejudice",https://www.imdb.com/title/tt0414387,Movie,7.8,129,2005,"Romance, Drama",364597,"2005-11-23","Joe Wright"
tt0780504,8,2025-08-04,"Drive","Drive",https://www.imdb.com/title/tt0780504,Movie,7.8,100,2011,"Drama, Action",748087,"2011-09-16","Nicolas Winding Refn"
tt31868189,8,2025-08-04,"Happy Gilmore 2","Happy Gilmore 2",https://www.imdb.com/title/tt31868189,Movie,6.1,114,2025,"Comedy, Sport",102451,"2025-07-25","Kyle Newacheck"
tt0268978,8,2025-08-02,"A Beautiful Mind","A Beautiful Mind",https://www.imdb.com/title/tt0268978,Movie,8.2,135,2001,"Biography, Mystery, Drama",1036479,"2002-01-04","Ron Howard"
tt0052357,7,2025-07-30,"Vertigo","Vertigo",https://www.imdb.com/title/tt0052357,Movie,8.2,128,1958,"Romance, Thriller, Mystery",451923,"1958-05-28","Alfred Hitchcock"
tt0054215,7,2025-07-29,"Psycho","Psycho",https://www.imdb.com/title/tt0054215,Movie,8.5,109,1960,"Mystery, Thriller, Horror, Drama",767904,"1960-09-08","Alfred Hitchcock"
tt1683526,7,2025-07-28,"Detachment","Detachment",https://www.imdb.com/title/tt1683526,Movie,7.7,98,2011,"Drama",108636,"2012-02-01","Tony Kaye"
tt4925292,8,2025-07-22,"Lady Bird","Lady Bird",https://www.imdb.com/title/tt4925292,Movie,7.4,94,2017,"Comedy, Drama",356867,"2017-12-01","Greta Gerwig"
tt0116483,8,2025-07-20,"Happy Gilmore","Happy Gilmore",https://www.imdb.com/title/tt0116483,Movie,7.0,92,1996,"Sport, Comedy",297517,"1996-02-16","Dennis Dugan"
tt1877830,8,2025-07-20,"The Batman","The Batman",https://www.imdb.com/title/tt1877830,Movie,7.8,176,2022,"Action, Crime, Drama, Thriller, Mystery",899953,"2022-03-04","Matt Reeves"
tt11127680,6,2025-07-10,"Boiling Point","Boiling Point",https://www.imdb.com/title/tt11127680,Movie,7.5,92,2021,"Drama, Thriller",53017,"2022-01-07","Philip Barantini"
tt0169547,8,2025-07-09,"American Beauty","American Beauty",https://www.imdb.com/title/tt0169547,Movie,8.3,122,1999,"Drama",1263877,"1999-10-01","Sam Mendes"
tt0167260,9,2025-07-08,"The Lord of the Rings: The Return of the King","The Lord of the Rings: The Return of the King",https://www.imdb.com/title/tt0167260,Movie,9.0,201,2003,"Drama, Adventure, Fantasy",2114763,"2003-12-17","Peter Jackson"
tt0167261,8,2025-07-06,"The Lord of the Rings: The Two Towers","The Lord of the Rings: The Two Towers",https://www.imdb.com/title/tt0167261,Movie,8.8,179,2002,"Drama, Adventure, Fantasy",1908286,"2002-12-18","Peter Jackson"
tt0780536,7,2025-07-04,"In Bruges","In Bruges",https://www.imdb.com/title/tt0780536,Movie,7.9,107,2008,"Crime, Drama, Comedy, Thriller",485462,"2008-02-29","Martin McDonagh"
tt1210166,9,2025-07-03,"Moneyball","Moneyball",https://www.imdb.com/title/tt1210166,Movie,7.6,133,2011,"Drama, Sport, Biography",497078,"2011-09-23","Bennett Miller"
tt0077631,8,2025-07-02,"Grease","Grease",https://www.imdb.com/title/tt0077631,Movie,7.2,110,1978,"Musical, Comedy, Romance",320028,"1978-06-16","Randal Kleiser"
tt28479262,8,2025-07-01,"Sing Sing","Sing Sing",https://www.imdb.com/title/tt28479262,Movie,7.6,107,2023,"Drama",26382,"2024-08-02","Greg Kwedar"
tt0245429,7,2025-06-30,"Spirited Away","Sen to Chihiro no kamikakushi",https://www.imdb.com/title/tt0245429,Movie,8.6,124,2001,"Animation, Family, Mystery, Adventure, Fantasy",935897,"2003-03-28","Hayao Miyazaki"
tt0477348,7,2025-06-29,"No Country for Old Men","No Country for Old Men",https://www.imdb.com/title/tt0477348,Movie,8.2,122,2007,"Thriller, Crime, Drama",1154224,"2007-11-21","Ethan Coen,Joel Coen"
tt0114814,8,2025-06-29,"The Usual Suspects","The Usual Suspects",https://www.imdb.com/title/tt0114814,Movie,8.5,106,1995,"Drama, Crime, Mystery, Thriller",1211650,"1995-08-16","Bryan Singer"
tt7653254,8,2025-06-29,"Marriage Story","Marriage Story",https://www.imdb.com/title/tt7653254,Movie,7.9,137,2019,"Drama, Romance",365550,"2019-12-06","Noah Baumbach"
tt0180093,9,2025-06-24,"Requiem for a Dream","Requiem for a Dream",https://www.imdb.com/title/tt0180093,Movie,8.3,102,2000,"Drama",954768,"2000-12-15","Darren Aronofsky"
tt0120586,9,2025-06-23,"American History X","American History X",https://www.imdb.com/title/tt0120586,Movie,8.5,119,1998,"Drama, Crime",1249359,"1998-11-20","Tony Kaye"
tt1748122,7,2025-06-22,"Moonrise Kingdom","Moonrise Kingdom",https://www.imdb.com/title/tt1748122,Movie,7.8,94,2012,"Drama, Comedy, Romance, Adventure, Fantasy",378590,"2012-06-29","Wes Anderson"
tt0120737,7,2025-06-22,"The Lord of the Rings: The Fellowship of the Ring","The Lord of the Rings: The Fellowship of the Ring",https://www.imdb.com/title/tt0120737,Movie,8.9,178,2001,"Drama, Adventure, Fantasy",2149723,"2001-12-19","Peter Jackson"
tt0073486,9,2025-06-21,"One Flew Over the Cuckoo's Nest","One Flew Over the Cuckoo's Nest",https://www.imdb.com/title/tt0073486,Movie,8.7,133,1975,"Drama",1135001,"1975-11-21","Milos Forman"
tt0420223,6,2025-06-20,"Stranger Than Fiction","Stranger Than Fiction",https://www.imdb.com/title/tt0420223,Movie,7.5,113,2006,"Fantasy, Drama, Romance, Comedy",242946,"2006-11-10","Marc Forster"
tt0084787,6,2025-06-19,"The Thing","The Thing",https://www.imdb.com/title/tt0084787,Movie,8.2,109,1982,"Mystery, Sci-Fi, Horror",511432,"1982-06-25","John Carpenter"
tt5776858,5,2025-06-18,"Phantom Thread","Phantom Thread",https://www.imdb.com/title/tt5776858,Movie,7.4,130,2017,"Drama, Romance",156434,"2018-01-19","Paul Thomas Anderson"
tt0359950,5,2025-06-18,"The Secret Life of Walter Mitty","The Secret Life of Walter Mitty",https://www.imdb.com/title/tt0359950,Movie,7.3,114,2013,"Drama, Fantasy, Romance, Adventure, Comedy",362994,"2013-12-25","Ben Stiller"
tt0137523,9,2025-06-16,"Fight Club","Fight Club",https://www.imdb.com/title/tt0137523,Movie,8.8,139,1999,"Drama, Crime, Thriller",2528056,"1999-10-15","David Fincher"
tt4034228,9,2025-06-14,"Manchester by the Sea","Manchester by the Sea",https://www.imdb.com/title/tt4034228,Movie,7.8,137,2016,"Drama",345195,"2016-12-16","Kenneth Lonergan"
tt0432283,6,2025-06-14,"Fantastic Mr. Fox","Fantastic Mr. Fox",https://www.imdb.com/title/tt0432283,Movie,7.9,87,2009,"Animation, Adventure, Comedy, Crime, Family, Drama",295012,"2009-11-25","Wes Anderson"
tt5104604,8,2025-06-14,"Isle of Dogs","Isle of Dogs",https://www.imdb.com/title/tt5104604,Movie,7.8,101,2018,"Animation, Comedy, Adventure, Drama, Sci-Fi, Fantasy",205428,"2018-04-13","Wes Anderson"
tt0478304,6,2025-06-10,"The Tree of Life","The Tree of Life",https://www.imdb.com/title/tt0478304,Movie,6.8,139,2011,"Drama, Fantasy",190392,"2011-05-17","Terrence Malick"
tt0133093,9,2025-06-07,"The Matrix","The Matrix",https://www.imdb.com/title/tt0133093,Movie,8.7,136,1999,"Action, Sci-Fi",2195887,"1999-03-31","Lana Wachowski,Lilly Wachowski"
tt0209144,9,2025-06-04,"Memento","Memento",https://www.imdb.com/title/tt0209144,Movie,8.4,113,2000,"Drama, Thriller, Mystery",1403929,"2001-05-25","Christopher Nolan"
tt0158983,7,2025-06-04,"South Park: Bigger, Longer & Uncut","South Park: Bigger, Longer & Uncut",https://www.imdb.com/title/tt0158983,Movie,7.7,81,1999,"Animation, Musical, Fantasy, Comedy",222639,"1999-06-30","Trey Parker"
tt14849194,8,2025-06-04,"The Holdovers","The Holdovers",https://www.imdb.com/title/tt14849194,Movie,7.9,133,2023,"Comedy, Drama",210212,"2023-11-10","Alexander Payne"
tt0449059,9,2025-06-01,"Little Miss Sunshine","Little Miss Sunshine",https://www.imdb.com/title/tt0449059,Movie,7.8,101,2006,"Comedy, Drama",546931,"2006-08-18","Jonathan Dayton,Valerie Faris"
tt0088847,8,2025-05-31,"The Breakfast Club","The Breakfast Club",https://www.imdb.com/title/tt0088847,Movie,7.8,97,1985,"Comedy, Drama",464680,"1985-02-15","John Hughes"
tt0118715,7,2025-05-31,"The Big Lebowski","The Big Lebowski",https://www.imdb.com/title/tt0118715,Movie,8.1,117,1998,"Crime, Comedy",903214,"1998-03-06","Joel Coen,Ethan Coen"
tt0105236,8,2025-05-29,"Reservoir Dogs","Reservoir Dogs",https://www.imdb.com/title/tt0105236,Movie,8.3,99,1992,"Crime, Thriller",1150344,"1992-09-02","Quentin Tarantino"
tt5027774,9,2025-05-28,"Three Billboards Outside Ebbing, Missouri","Three Billboards Outside Ebbing, Missouri",https://www.imdb.com/title/tt5027774,Movie,8.1,115,2017,"Crime, Drama, Comedy",593602,"2017-12-01","Martin McDonagh"
tt0116282,5,2025-05-27,"Fargo","Fargo",https://www.imdb.com/title/tt0116282,Movie,8.1,98,1996,"Drama, Thriller, Crime",767635,"1996-04-05","Joel Coen,Ethan Coen"
tt0246578,7,2025-05-25,"Donnie Darko","Donnie Darko",https://www.imdb.com/title/tt0246578,Movie,8.0,113,2001,"Sci-Fi, Thriller, Mystery, Drama",895523,"2001-01-19","Richard Kelly"
tt0289879,8,2025-05-24,"The Butterfly Effect","The Butterfly Effect",https://www.imdb.com/title/tt0289879,Movie,7.6,113,2004,"Sci-Fi, Drama, Thriller",547570,"2004-01-23","Eric Bress,J. Mackye Gruber"
tt31806037,10,2025-05-23,"Adolescence","Adolescence",https://www.imdb.com/title/tt31806037,TV Mini Series,8.1,60,2025,"Crime, Drama, Thriller",248657,"2025-03-13",
tt0482571,8,2025-05-23,"The Prestige","The Prestige",https://www.imdb.com/title/tt0482571,Movie,8.5,130,2006,"Drama, Thriller, Mystery, Sci-Fi",1547134,"2006-10-20","Christopher Nolan"
tt0050083,9,2025-05-22,"12 Angry Men","12 Angry Men",https://www.imdb.com/title/tt0050083,Movie,9.0,96,1957,"Crime, Drama",953064,"1957-04-10","Sidney Lumet"
tt5497778,1,2025-05-21,"Black Mirror: Nosedive","Black Mirror: Nosedive",https://www.imdb.com/title/tt5497778,TV Episode,8.3,63,2016,"Drama, Thriller, Sci-Fi, Mystery, Crime",72225,"2016-10-21","Joe Wright"
tt0110912,8,2025-05-21,"Pulp Fiction","Pulp Fiction",https://www.imdb.com/title/tt0110912,Movie,8.8,154,1994,"Crime, Drama",2378663,"1994-10-14","Quentin Tarantino"
tt0167404,7,2025-05-21,"The Sixth Sense","The Sixth Sense",https://www.imdb.com/title/tt0167404,Movie,8.2,107,1999,"Mystery, Drama, Thriller",1119229,"1999-08-06","M. Night Shyamalan"
tt0102926,7,2025-05-16,"The Silence of the Lambs","The Silence of the Lambs",https://www.imdb.com/title/tt0102926,Movie,8.6,118,1991,"Crime, Drama, Horror, Thriller",1671841,"1991-02-14","Jonathan Demme"
tt0107048,7,2025-05-16,"Groundhog Day","Groundhog Day",https://www.imdb.com/title/tt0107048,Movie,8.0,101,1993,"Fantasy, Drama, Romance, Comedy",727507,"1993-02-12","Harold Ramis"
tt0097165,9,2025-05-14,"Dead Poets Society","Dead Poets Society",https://www.imdb.com/title/tt0097165,Movie,8.1,128,1989,"Comedy, Drama",617958,"1989-06-09","Peter Weir"
tt31938062,9,2025-04-26,"The Pitt","The Pitt",https://www.imdb.com/title/tt31938062,TV Series,8.9,50,2025,"Drama",78930,"2025-01-09",
tt0407887,9,2025-04-08,"The Departed","The Departed",https://www.imdb.com/title/tt0407887,Movie,8.5,151,2006,"Crime, Drama, Thriller",1518328,"2006-10-06","Martin Scorsese"
tt1392170,7,2025-04-07,"The Hunger Games","The Hunger Games",https://www.imdb.com/title/tt1392170,Movie,7.2,142,2012,"Adventure, Sci-Fi, Thriller, Action",1059974,"2012-03-23","Gary Ross"
tt0877057,9,2025-04-03,"Death Note","Death Note: Desu nôto",https://www.imdb.com/title/tt0877057,TV Series,8.9,24,2006,"Animation, Mystery, Crime, Thriller, Fantasy, Drama",448410,"2007-10-21",
tt0994314,8,2025-04-03,"Code Geass","Kôdo Giasu: Hangyaku no Rurûshu",https://www.imdb.com/title/tt0994314,TV Series,8.7,24,2006,"Animation, Sci-Fi, Action, Drama, Thriller, Fantasy",96462,"2008",
tt1910272,10,2025-04-03,"Steins;Gate","Steins;Gate",https://www.imdb.com/title/tt1910272,TV Series,8.8,24,2011,"Animation, Sci-Fi, Thriller, Comedy, Drama, Romance, Mystery",87060,"2011-04-06",
tt2085059,9,2025-04-03,"Black Mirror","Black Mirror",https://www.imdb.com/title/tt2085059,TV Series,8.7,60,2011,"Drama, Thriller, Sci-Fi, Mystery, Crime",714633,"2011-12-04",
tt1375666,9,2025-04-03,"Inception","Inception",https://www.imdb.com/title/tt1375666,Movie,8.8,148,2010,"Sci-Fi, Thriller, Action, Adventure",2743246,"2010-07-16","Christopher Nolan"
tt2674426,7,2025-04-02,"Me Before You","Me Before You",https://www.imdb.com/title/tt2674426,Movie,7.4,110,2016,"Drama, Romance",320747,"2016-06-03","Thea Sharrock"
tt0114369,9,2025-03-29,"Se7en","Se7en",https://www.imdb.com/title/tt0114369,Movie,8.6,127,1995,"Mystery, Drama, Crime, Thriller",1961456,"1995-09-22","David Fincher"
tt2356777,8,2025-03-27,"True Detective","True Detective",https://www.imdb.com/title/tt2356777,TV Series,8.9,60,2014,"Crime, Drama, Mystery, Thriller",725427,"2014-01-12",
tt2119532,7,2025-03-27,"Hacksaw Ridge","Hacksaw Ridge",https://www.imdb.com/title/tt2119532,Movie,8.1,139,2016,"Drama, War, History, Biography",657005,"2016-11-04","Mel Gibson"
tt13403046,9,2025-03-25,"Fresh","Fresh",https://www.imdb.com/title/tt13403046,Movie,6.7,114,2022,"Thriller, Horror, Comedy, Romance",89138,"2022-03-04","Mimi Cave"
tt21823606,7,2025-03-17,"A Real Pain","A Real Pain",https://www.imdb.com/title/tt21823606,Movie,7.0,90,2024,"Comedy, Drama",116210,"2024-11-15","Jesse Eisenberg"
tt1245492,6,2025-03-08,"This Is the End","This Is the End",https://www.imdb.com/title/tt1245492,Movie,6.6,107,2013,"Comedy, Fantasy, Sci-Fi",449257,"2013-06-12","Evan Goldberg,Seth Rogen"
tt2278388,7,2025-03-03,"The Grand Budapest Hotel","The Grand Budapest Hotel",https://www.imdb.com/title/tt2278388,Movie,8.1,99,2014,"Comedy, Drama",944783,"2014-03-28","Wes Anderson"
tt0317219,9,2025-02-25,"Cars","Cars",https://www.imdb.com/title/tt0317219,Movie,7.3,116,2006,"Animation, Family, Sport, Comedy, Adventure",517494,"2006-06-09","John Lasseter,Joe Ranft"
tt0317705,5,2025-02-25,"The Incredibles","The Incredibles",https://www.imdb.com/title/tt0317705,Movie,8.0,115,2004,"Animation, Action, Adventure, Family",876971,"2004-11-05","Brad Bird"
tt2096673,7,2025-02-25,"Inside Out","Inside Out",https://www.imdb.com/title/tt2096673,Movie,8.1,95,2015,"Animation, Comedy, Family, Adventure, Drama, Fantasy",888772,"2015-06-19","Pete Docter,Ronnie Del Carmen"
tt0499549,7,2025-02-25,"Avatar","Avatar",https://www.imdb.com/title/tt0499549,Movie,7.9,162,2009,"Sci-Fi, Action, Adventure, Fantasy",1450316,"2009-12-18","James Cameron"
tt0099685,8,2025-02-24,"Goodfellas","GoodFellas",https://www.imdb.com/title/tt0099685,Movie,8.7,145,1990,"Biography, Crime, Drama",1355251,"1990-09-21","Martin Scorsese"
tt0092005,9,2025-02-24,"Stand by Me","Stand by Me",https://www.imdb.com/title/tt0092005,Movie,8.1,89,1986,"Comedy, Drama, Adventure",474048,"1986-08-22","Rob Reiner"
tt0468569,9,2025-02-20,"The Dark Knight","The Dark Knight",https://www.imdb.com/title/tt0468569,Movie,9.1,152,2008,"Drama, Crime, Thriller, Action",3088336,"2008-07-18","Christopher Nolan"
tt0372784,9,2025-02-19,"Batman Begins","Batman Begins",https://www.imdb.com/title/tt0372784,Movie,8.2,140,2005,"Action, Crime, Drama, Thriller",1677692,"2005-06-15","Christopher Nolan"
tt1022603,10,2025-02-19,"500 Days of Summer","(500) Days of Summer",https://www.imdb.com/title/tt1022603,Movie,7.6,95,2009,"Comedy, Drama, Romance",603616,"2009-08-07","Marc Webb"
tt0144084,7,2025-02-15,"American Psycho","American Psycho",https://www.imdb.com/title/tt0144084,Movie,7.6,102,2000,"Crime, Horror, Drama",804838,"2000-04-14","Mary Harron"
tt6751668,8,2025-02-12,"Parasite","Gisaengchung",https://www.imdb.com/title/tt6751668,Movie,8.5,132,2019,"Drama, Thriller",1109165,"2019-11-08","Bong Joon Ho"
tt1798709,8,2025-02-10,"Her","Her",https://www.imdb.com/title/tt1798709,Movie,8.0,126,2013,"Romance, Sci-Fi, Drama",714067,"2014-01-10","Spike Jonze"
tt5726616,8,2025-02-09,"Call Me by Your Name","Call Me by Your Name",https://www.imdb.com/title/tt5726616,Movie,7.8,132,2017,"Drama, Romance",347982,"2018-01-19","Luca Guadagnino"
tt3783958,9,2025-02-09,"La La Land","La La Land",https://www.imdb.com/title/tt3783958,Movie,8.0,128,2016,"Musical, Comedy, Drama, Romance, Music",737423,"2016-12-25","Damien Chazelle"
tt31711040,7,2025-02-07,"Look Back","Rukku Bakku",https://www.imdb.com/title/tt31711040,Movie,7.8,58,2024,"Animation, Drama",18086,"2024-11-07","Kiyotaka Oshiyama"
tt1058017,8,2025-02-05,"The Invention of Lying","The Invention of Lying",https://www.imdb.com/title/tt1058017,Movie,6.4,100,2009,"Comedy, Fantasy, Romance",155298,"2009-10-02","Ricky Gervais,Matthew Robinson"
tt0207201,6,2025-02-04,"What Women Want","What Women Want",https://www.imdb.com/title/tt0207201,Movie,6.5,127,2000,"Romance, Comedy, Fantasy",234153,"2000-12-15","Nancy Meyers"
tt0147800,9,2025-02-03,"10 Things I Hate About You","10 Things I Hate About You",https://www.imdb.com/title/tt0147800,Movie,7.4,97,1999,"Drama, Romance, Comedy",433666,"1999-03-31","Gil Junger"
tt13238346,8,2025-02-02,"Past Lives","Past Lives",https://www.imdb.com/title/tt13238346,Movie,7.8,105,2023,"Drama, Romance",162650,"2023-06-23","Celine Song"
tt1588170,8,2025-01-25,"I Saw the Devil","Angmareul boatda",https://www.imdb.com/title/tt1588170,Movie,7.8,144,2010,"Thriller, Action",160573,"2010-08-12","Kim Jee-woon"
tt1179933,5,2025-01-23,"10 Cloverfield Lane","10 Cloverfield Lane",https://www.imdb.com/title/tt1179933,Movie,7.2,103,2016,"Drama, Sci-Fi, Thriller, Horror",377178,"2016-03-11","Dan Trachtenberg"
tt1291584,8,2025-01-18,"Warrior","Warrior",https://www.imdb.com/title/tt1291584,Movie,8.1,140,2011,"Drama, Sport, Action",521407,"2011-09-09","Gavin O'Connor"
tt0093779,7,2025-01-14,"The Princess Bride","The Princess Bride",https://www.imdb.com/title/tt0093779,Movie,8.0,98,1987,"Family, Comedy, Romance, Adventure, Fantasy",474870,"1987-10-09","Rob Reiner"
tt0446029,5,2025-01-11,"Scott Pilgrim vs. the World","Scott Pilgrim vs. the World",https://www.imdb.com/title/tt0446029,Movie,7.5,112,2010,"Action, Comedy, Romance, Fantasy",488575,"2010-08-13","Edgar Wright"
tt0266308,9,2025-01-09,"Battle Royale","Batoru Rowaiaru",https://www.imdb.com/title/tt0266308,Movie,7.5,114,2000,"Thriller, Drama, Action",203714,"2000-12-16","Kinji Fukasaku"
tt0290988,8,2025-01-09,"Trailer Park Boys","Trailer Park Boys",https://www.imdb.com/title/tt0290988,TV Series,8.5,30,2001,"Crime, Comedy",56087,"2004-04-20",
tt0172495,9,2025-01-05,"Gladiator","Gladiator",https://www.imdb.com/title/tt0172495,Movie,8.5,155,2000,"Adventure, Drama, Action",1801180,"2000-05-05","Ridley Scott"
tt21382296,6,2024-12-20,"Carry-On","Carry-On",https://www.imdb.com/title/tt21382296,Movie,6.5,119,2024,"Action, Thriller, Crime",181680,"2024-12-13","Jaume Collet-Serra"
tt0319343,7,2024-12-18,"Elf","Elf",https://www.imdb.com/title/tt0319343,Movie,7.1,97,2003,"Family, Fantasy, Romance, Adventure, Comedy",333012,"2003-11-07","Jon Favreau"
tt0170016,8,2024-12-18,"How the Grinch Stole Christmas","How the Grinch Stole Christmas",https://www.imdb.com/title/tt0170016,Movie,6.4,104,2000,"Comedy, Family, Fantasy",316416,"2000-11-17","Ron Howard"
tt19770238,2,2024-12-12,"Aftersun","Aftersun",https://www.imdb.com/title/tt19770238,Movie,7.6,102,2022,"Drama",121106,"2022-11-18","Charlotte Wells"
tt0097958,7,2024-12-10,"National Lampoon's Christmas Vacation","National Lampoon's Christmas Vacation",https://www.imdb.com/title/tt0097958,Movie,7.5,97,1989,"Comedy",237012,"1989-12-01","Jeremiah S. Chechik"
tt6878038,7,2024-12-06,"A Taxi Driver","Taeksi woonjunsa",https://www.imdb.com/title/tt6878038,Movie,7.9,137,2017,"History, Drama, Action",36468,"2017-08-11","Hun Jang"
tt4572514,7,2024-12-04,"Patriots Day","Patriots Day",https://www.imdb.com/title/tt4572514,Movie,7.3,133,2016,"Thriller, Drama, History, Crime, Action",120322,"2017-01-13","Peter Berg"
tt15398776,8,2024-11-29,"Oppenheimer","Oppenheimer",https://www.imdb.com/title/tt15398776,Movie,8.3,180,2023,"Biography, Drama, History",950435,"2023-07-21","Christopher Nolan"
tt15435876,9,2024-11-18,"The Penguin","The Penguin",https://www.imdb.com/title/tt15435876,TV Mini Series,8.6,60,2024,"Crime, Drama",216556,"2024-09-19",
tt27911000,8,2024-11-07,"Terrifier 3","Terrifier 3",https://www.imdb.com/title/tt27911000,Movie,6.3,125,2024,"Horror",57227,"2024-10-11","Damien Leone"
tt0773262,8,2024-10-29,"Dexter","Dexter",https://www.imdb.com/title/tt0773262,TV Series,8.6,60,2006,"Crime, Drama, Mystery, Thriller",887407,"2006-10-01",
tt15474916,6,2024-10-21,"Smile","Smile",https://www.imdb.com/title/tt15474916,Movie,6.5,115,2022,"Horror, Mystery, Thriller",228112,"2022-09-30","Parker Finn"
tt1745960,4,2024-09-28,"Top Gun: Maverick","Top Gun: Maverick",https://www.imdb.com/title/tt1745960,Movie,8.2,130,2022,"Action, Drama",809673,"2022-05-27","Joseph Kosinski"
tt6710474,7,2024-09-12,"Everything Everywhere All at Once","Everything Everywhere All at Once",https://www.imdb.com/title/tt6710474,Movie,7.8,139,2022,"Sci-Fi, Adventure, Comedy, Fantasy, Action, Drama",595249,"2022-04-08","Daniel Kwan,Daniel Scheinert"
tt5323662,9,2024-09-12,"A Silent Voice: The Movie","Koe no Katachi",https://www.imdb.com/title/tt5323662,Movie,8.2,130,2016,"Animation, Drama",129969,"2016-09-17","Naoko Yamada"
tt14819828,7,2024-09-12,"Business Proposal","Sanae matseon",https://www.imdb.com/title/tt14819828,TV Series,8.1,60,2022,"Romance, Comedy, Drama",37691,"2022-03-01",
tt14674086,8,2024-09-12,"Welcome to Wrexham","Welcome to Wrexham",https://www.imdb.com/title/tt14674086,TV Series,8.3,30,2022,"Documentary, Reality-TV, Sport",24463,"2022-08-24",
tt14966898,7,2024-08-27,"Late Night with the Devil","Late Night with the Devil",https://www.imdb.com/title/tt14966898,Movie,7.0,93,2023,"Horror",137632,"2024-03-22","Cameron Cairnes,Colin Cairnes"
tt23468450,6,2024-08-27,"Longlegs","Longlegs",https://www.imdb.com/title/tt23468450,Movie,6.6,101,2024,"Horror, Thriller, Crime, Mystery",208558,"2024-07-12","Osgood Perkins"
tt1981677,8,2024-08-23,"Pitch Perfect","Pitch Perfect",https://www.imdb.com/title/tt1981677,Movie,7.1,112,2012,"Comedy, Music, Romance",345472,"2012-10-05","Jason Moore"
tt5638642,7,2024-08-19,"The Ritual","The Ritual",https://www.imdb.com/title/tt5638642,Movie,6.4,94,2017,"Horror, Mystery, Thriller",137019,"2018-02-09","David Bruckner"
tt0095327,8,2024-08-09,"Grave of the Fireflies","Hotaru no haka",https://www.imdb.com/title/tt0095327,Movie,8.5,88,1988,"Animation, Drama, War",365450,"1989-07-26","Isao Takahata"
tt1344204,6,2024-07-03,"Blue Mountain State","Blue Mountain State",https://www.imdb.com/title/tt1344204,TV Series,8.3,22,2010,"Comedy, Sport",62543,"2010-01-11",
tt6524350,7,2024-06-09,"Big Mouth","Big Mouth",https://www.imdb.com/title/tt6524350,TV Series,7.8,30,2017,"Animation, Comedy, Romance",96398,"2017-09-29",
tt3450958,9,2024-06-04,"War for the Planet of the Apes","War for the Planet of the Apes",https://www.imdb.com/title/tt3450958,Movie,7.4,140,2017,"Action, Drama, Sci-Fi, Adventure, Thriller",321086,"2017-07-14","Matt Reeves"
tt23289160,9,2024-06-04,"Godzilla Minus One","Gojira Mainasu Wan",https://www.imdb.com/title/tt23289160,Movie,7.7,124,2023,"Action, Adventure, Sci-Fi, Horror, Drama",179254,"2023-12-01","Takashi Yamazaki"
tt2854926,6,2024-05-31,"Tag","Tag",https://www.imdb.com/title/tt2854926,Movie,6.5,100,2018,"Comedy, Action",158356,"2018-06-15","Jeff Tomsic"
tt0910970,8,2024-05-28,"WALL·E","WALL·E",https://www.imdb.com/title/tt0910970,Movie,8.4,98,2008,"Animation, Sci-Fi, Adventure, Family",1286326,"2008-06-27","Andrew Stanton"
tt0482606,6,2024-05-28,"The Strangers","The Strangers",https://www.imdb.com/title/tt0482606,Movie,6.1,86,2008,"Horror, Thriller, Mystery",154545,"2008-05-30","Bryan Bertino"
tt15326988,3,2024-05-28,"Ghosted","Ghosted",https://www.imdb.com/title/tt15326988,Movie,5.8,116,2023,"Action, Adventure, Romance, Comedy",76887,"2023-04-21","Dexter Fletcher"
tt1318514,9,2024-05-20,"Rise of the Planet of the Apes","Rise of the Planet of the Apes",https://www.imdb.com/title/tt1318514,Movie,7.6,105,2011,"Action, Sci-Fi, Drama, Thriller",598652,"2011-08-05","Rupert Wyatt"
tt2582802,9,2024-05-20,"Whiplash","Whiplash",https://www.imdb.com/title/tt2582802,Movie,8.5,106,2014,"Drama, Music",1107198,"2014-10-15","Damien Chazelle"
tt2103281,8,2024-05-17,"Dawn of the Planet of the Apes","Dawn of the Planet of the Apes",https://www.imdb.com/title/tt2103281,Movie,7.6,130,2014,"Action, Adventure, Drama, Sci-Fi, Thriller",505270,"2014-07-11","Matt Reeves"
tt13649112,9,2024-05-06,"Baby Reindeer","Baby Reindeer",https://www.imdb.com/title/tt13649112,TV Mini Series,7.7,30,2024,"Biography, Drama, Comedy",182931,"2024-04-11",
tt13016388,8,2024-04-08,"3 Body Problem","3 Body Problem",https://www.imdb.com/title/tt13016388,TV Series,7.5,60,2024,"Sci-Fi, Adventure, Drama, Fantasy, Mystery",172068,"2024-03-21",
tt1798243,9,2024-02-10,"Rudderless","Rudderless",https://www.imdb.com/title/tt1798243,Movie,7.4,105,2014,"Drama, Music, Comedy",19992,"2015-02-21","William H. Macy"
tt8579674,8,2024-02-05,"1917","1917",https://www.imdb.com/title/tt8579674,Movie,8.2,119,2019,"War, Drama, Action",747303,"2020-01-10","Sam Mendes"
tt12324366,5,2024-02-05,"Percy Jackson and the Olympians","Percy Jackson and the Olympians",https://www.imdb.com/title/tt12324366,TV Series,7.0,45,2023,"Adventure, Family, Fantasy, Action",43834,"2023-12-19",
tt0386676,10,2024-01-18,"The Office","The Office",https://www.imdb.com/title/tt0386676,TV Series,9.0,22,2005,"Comedy",799238,"2005-03-24",
tt1632701,8,2024-01-18,"Suits","Suits",https://www.imdb.com/title/tt1632701,TV Series,8.4,45,2011,"Drama, Comedy",525844,"2011-06-23",
tt14824792,8,2024-01-18,"Ted","Ted",https://www.imdb.com/title/tt14824792,TV Series,7.9,,2024,"Comedy",37062,"2024-01-11",
tt0454921,8,2024-01-12,"The Pursuit of Happyness","The Pursuit of Happyness",https://www.imdb.com/title/tt0454921,Movie,8.0,117,2006,"Drama, Biography",604858,"2006-12-15","Gabriele Muccino"
tt0120382,10,2024-01-12,"The Truman Show","The Truman Show",https://www.imdb.com/title/tt0120382,Movie,8.2,103,1998,"Comedy, Drama",1324148,"1998-06-05","Peter Weir"
tt0327597,10,2023-11-18,"Coraline","Coraline",https://www.imdb.com/title/tt0327597,Movie,7.8,100,2009,"Animation, Fantasy, Drama, Family",291848,"2009-02-06","Henry Selick"
tt7472896,8,2023-10-29,"Mr Inbetween","Mr Inbetween",https://www.imdb.com/title/tt7472896,TV Series,8.7,30,2018,"Crime, Drama, Comedy",44002,"2018-09-25",
tt1586680,10,2023-10-15,"Shameless","Shameless",https://www.imdb.com/title/tt1586680,TV Series,8.5,60,2011,"Comedy, Drama",321569,"2011-01-09",
tt15671028,7,2023-08-12,"No Hard Feelings","No Hard Feelings",https://www.imdb.com/title/tt15671028,Movie,6.3,103,2023,"Comedy, Romance",207075,"2023-06-23","Gene Stupnitsky"
tt5071412,8,2023-07-01,"Ozark","Ozark",https://www.imdb.com/title/tt5071412,TV Series,8.4,60,2017,"Drama, Crime, Thriller",379957,"2017-07-21",
tt0993846,8,2023-07-01,"The Wolf of Wall Street","The Wolf of Wall Street",https://www.imdb.com/title/tt0993846,Movie,8.2,180,2013,"Crime, Drama, Biography, Comedy",1730283,"2013-12-25","Martin Scorsese"
tt14209916,5,2023-07-01,"Cocaine Bear","Cocaine Bear",https://www.imdb.com/title/tt14209916,Movie,5.9,95,2023,"Thriller, Comedy, Crime",123511,"2023-02-24","Elizabeth Banks"
tt7660850,8,2023-06-07,"Succession","Succession",https://www.imdb.com/title/tt7660850,TV Series,8.8,60,2018,"Drama, Comedy",333385,"2018-06-03",
tt2707408,8,2023-06-04,"Narcos","Narcos",https://www.imdb.com/title/tt2707408,TV Series,8.7,50,2015,"Crime, Drama, Biography, Thriller",512957,"2015-08-28",
tt0458339,7,2023-05-25,"Captain America: The First Avenger","Captain America: The First Avenger",https://www.imdb.com/title/tt0458339,Movie,6.9,124,2011,"Action, Adventure, Sci-Fi",949644,"2011-07-22","Joe Johnston"
tt6791350,7,2023-05-21,"Guardians of the Galaxy Vol. 3","Guardians of the Galaxy Vol. 3",https://www.imdb.com/title/tt6791350,Movie,7.9,150,2023,"Action, Adventure, Sci-Fi, Comedy",450630,"2023-05-05","James Gunn"
tt1457767,7,2023-05-16,"The Conjuring","The Conjuring",https://www.imdb.com/title/tt1457767,Movie,7.5,112,2013,"Horror, Mystery, Thriller",605840,"2013-07-19","James Wan"
tt5700672,4,2023-05-16,"Train to Busan","Busanhaeng",https://www.imdb.com/title/tt5700672,Movie,7.6,118,2016,"Horror, Thriller, Action",295202,"2025-05-02","Yeon Sang-ho"
tt4301160,9,2023-05-15,"Black Bird","Black Bird",https://www.imdb.com/title/tt4301160,TV Mini Series,8.1,58,2022,"Crime, Drama, Thriller, Mystery, Biography",134340,"2022-07-08",
tt5311514,10,2023-05-09,"Your Name.","Kimi no Na wa.",https://www.imdb.com/title/tt5311514,Movie,8.4,106,2016,"Animation, Drama, Romance, Fantasy",373254,"2017-04-07","Makoto Shinkai"
tt1659337,10,2023-05-03,"The Perks of Being a Wallflower","The Perks of Being a Wallflower",https://www.imdb.com/title/tt1659337,Movie,7.9,103,2012,"Drama",580405,"2012-10-12","Stephen Chbosky"
tt2223990,9,2023-04-24,"Draft Day","Draft Day",https://www.imdb.com/title/tt2223990,Movie,6.8,110,2014,"Drama, Sport",71833,"2014-04-11","Ivan Reitman"
tt3581920,8,2023-04-14,"The Last of Us","The Last of Us",https://www.imdb.com/title/tt3581920,TV Series,8.5,50,2023,"Adventure, Horror, Drama, Thriller, Sci-Fi, Action",703276,"2023-01-15",
tt5013056,1,2023-04-11,"Dunkirk","Dunkirk",https://www.imdb.com/title/tt5013056,Movie,7.8,106,2017,"War, Drama, Action, History, Thriller",788502,"2017-07-21","Christopher Nolan"
tt4633694,7,2023-03-03,"Spider-Man: Into the Spider-Verse","Spider-Man: Into the Spider-Verse",https://www.imdb.com/title/tt4633694,Movie,8.4,117,2018,"Animation, Action, Sci-Fi, Adventure, Family, Comedy, Fantasy",756535,"2018-12-14","Bob Persichetti,Peter Ramsey,Rodney Rothman"
tt11280740,10,2023-02-25,"Severance","Severance",https://www.imdb.com/title/tt11280740,TV Series,8.7,50,2022,"Drama, Thriller, Mystery, Sci-Fi",350343,"2022-02-18",
tt0417299,10,2023-02-25,"Avatar: The Last Airbender","Avatar: The Last Airbender",https://www.imdb.com/title/tt0417299,TV Series,9.3,23,2005,"Animation, Adventure, Family, Fantasy, Action, Mystery",419515,"2005-02-21",
tt1922777,9,2023-02-05,"Sinister","Sinister",https://www.imdb.com/title/tt1922777,Movie,6.8,110,2012,"Horror, Mystery, Thriller",307604,"2012-10-12","Scott Derrickson"
tt4574334,8,2023-02-04,"Stranger Things","Stranger Things",https://www.imdb.com/title/tt4574334,TV Series,8.6,60,2016,"Drama, Horror, Thriller, Sci-Fi, Mystery, Fantasy",1495221,"2016-07-15",
tt1045658,9,2023-02-04,"Silver Linings Playbook","Silver Linings Playbook",https://www.imdb.com/title/tt1045658,Movie,7.7,122,2012,"Comedy, Drama, Romance",765438,"2012-12-25","David O. Russell"
tt1345836,9,2022-11-21,"The Dark Knight Rises","The Dark Knight Rises",https://www.imdb.com/title/tt1345836,Movie,8.4,164,2012,"Action, Drama, Thriller, Crime",1948998,"2012-07-20","Christopher Nolan"
tt10986410,9,2022-11-13,"Ted Lasso","Ted Lasso",https://www.imdb.com/title/tt10986410,TV Series,8.8,30,2020,"Comedy, Drama, Sport",420187,"2020-08-14",
tt1637725,9,2022-10-23,"Ted","Ted",https://www.imdb.com/title/tt1637725,Movie,6.9,106,2012,"Comedy",696311,"2012-06-29","Seth MacFarlane"
tt2194499,7,2022-10-23,"About Time","About Time",https://www.imdb.com/title/tt2194499,Movie,7.8,123,2013,"Drama, Fantasy, Romance, Comedy, Sci-Fi",421744,"2013-11-08","Richard Curtis"
tt0903747,8,2022-10-06,"Breaking Bad","Breaking Bad",https://www.imdb.com/title/tt0903747,TV Series,9.5,45,2008,"Drama, Crime, Thriller",2416690,"2008-01-20",
tt1190634,9,2022-08-31,"The Boys","The Boys",https://www.imdb.com/title/tt1190634,TV Series,8.6,60,2019,"Action, Sci-Fi, Crime, Drama, Comedy",810185,"2019-07-26",
tt0398165,8,2022-06-20,"The Longest Yard","The Longest Yard",https://www.imdb.com/title/tt0398165,Movie,6.4,113,2005,"Comedy, Sport, Crime",207144,"2005-05-27","Peter Segal"
tt1464335,4,2022-06-20,"Uncharted","Uncharted",https://www.imdb.com/title/tt1464335,Movie,6.3,116,2022,"Action, Adventure",290781,"2022-02-18","Ruben Fleischer"
tt1196141,8,2022-06-20,"Diary of a Wimpy Kid","Diary of a Wimpy Kid",https://www.imdb.com/title/tt1196141,Movie,6.2,94,2010,"Comedy, Family, Drama",63815,"2010-03-19","Thor Freudenthal"
tt0829482,9,2022-06-15,"Superbad","Superbad",https://www.imdb.com/title/tt0829482,Movie,7.6,113,2007,"Comedy",677419,"2007-08-17","Greg Mottola"
tt1951261,8,2022-06-15,"The Hangover Part III","The Hangover Part III",https://www.imdb.com/title/tt1951261,Movie,5.9,100,2013,"Comedy, Crime",354768,"2013-05-23","Todd Phillips"
tt1411697,8,2022-06-15,"The Hangover Part II","The Hangover Part II",https://www.imdb.com/title/tt1411697,Movie,6.5,102,2011,"Comedy",565433,"2011-05-26","Todd Phillips"
tt1119646,8,2022-06-15,"The Hangover","The Hangover",https://www.imdb.com/title/tt1119646,Movie,7.7,100,2009,"Comedy",906479,"2009-06-05","Todd Phillips"
tt2294449,8,2022-06-15,"22 Jump Street","22 Jump Street",https://www.imdb.com/title/tt2294449,Movie,7.0,112,2014,"Comedy, Action, Crime, Mystery",429790,"2014-06-13","Phil Lord,Christopher Miller"
tt1201607,9,2022-06-15,"Harry Potter and the Deathly Hallows: Part 2","Harry Potter and the Deathly Hallows: Part 2",https://www.imdb.com/title/tt1201607,Movie,8.1,130,2011,"Adventure, Mystery, Fantasy, Family",1018426,"2011-07-15","David Yates"
tt4154796,6,2022-06-15,"Avengers: Endgame","Avengers: Endgame",https://www.imdb.com/title/tt4154796,Movie,8.4,181,2019,"Action, Sci-Fi, Adventure",1396337,"2019-04-26","Anthony Russo,Joe Russo"
tt0121220,9,2022-06-15,"Dragon Ball Z","Dragon Ball Z: Doragon bôru zetto",https://www.imdb.com/title/tt0121220,TV Series,8.8,24,1989,"Animation, Adventure, Drama, Sci-Fi, Comedy, Fantasy, Action",99321,"1996-09-30",
tt2098220,5,2022-06-15,"Hunter x Hunter","Hunter x Hunter",https://www.imdb.com/title/tt2098220,TV Series,9.0,24,2011,"Animation, Adventure, Comedy, Action, Fantasy",176649,"2016-04-17",
tt2861424,8,2022-06-15,"Rick and Morty","Rick and Morty",https://www.imdb.com/title/tt2861424,TV Series,9.0,23,2013,"Animation, Adventure, Comedy, Sci-Fi",671777,"2013-12-02",
tt10293938,8,2022-06-15,"Outer Banks","Outer Banks",https://www.imdb.com/title/tt10293938,TV Series,7.5,50,2020,"Drama, Action, Crime, Mystery, Romance, Thriller",100789,"2020-04-15",
tt8772296,8,2022-06-15,"Euphoria","Euphoria",https://www.imdb.com/title/tt8772296,TV Series,8.2,60,2019,"Drama",281240,"2019-06-16",
tt1392214,6,2022-06-15,"Prisoners","Prisoners",https://www.imdb.com/title/tt1392214,Movie,8.2,153,2013,"Crime, Drama, Thriller, Mystery",900287,"2013-09-20","Denis Villeneuve"
tt0121955,10,2022-05-29,"South Park","South Park",https://www.imdb.com/title/tt0121955,TV Series,8.7,22,1997,"Animation, Comedy",434397,"1997-08-13",
tt1232829,8,2022-05-21,"21 Jump Street","21 Jump Street",https://www.imdb.com/title/tt1232829,Movie,7.2,109,2012,"Action, Comedy, Crime",631831,"2012-03-16","Phil Lord,Christopher Miller"
tt2788710,8,2022-05-21,"The Interview","The Interview",https://www.imdb.com/title/tt2788710,Movie,6.5,112,2014,"Comedy, Action, Adventure",371528,"2014-12-24","Evan Goldberg,Seth Rogen"
tt0266543,9,2022-05-21,"Finding Nemo","Finding Nemo",https://www.imdb.com/title/tt0266543,Movie,8.2,100,2003,"Animation, Family, Comedy, Adventure",1181244,"2003-05-30","Andrew Stanton,Lee Unkrich"
tt0114709,8,2022-05-21,"Toy Story","Toy Story",https://www.imdb.com/title/tt0114709,Movie,8.3,81,1995,"Animation, Adventure, Comedy, Family, Fantasy",1145641,"1995-11-22","John Lasseter"
tt0382932,10,2022-05-09,"Ratatouille","Ratatouille",https://www.imdb.com/title/tt0382932,Movie,8.1,111,2007,"Animation, Comedy, Family, Fantasy, Adventure",911892,"2007-06-29","Brad Bird,Jan Pinkava"
tt0198781,8,2022-05-09,"Monsters, Inc.","Monsters, Inc.",https://www.imdb.com/title/tt0198781,Movie,8.1,92,2001,"Animation, Adventure, Comedy, Family, Fantasy",1048731,"2001-11-02","Pete Docter,David Silverman,Lee Unkrich"
tt1049413,8,2022-05-09,"Up","Up",https://www.imdb.com/title/tt1049413,Movie,8.3,96,2009,"Animation, Family, Adventure, Comedy, Drama",1206406,"2009-05-29","Pete Docter,Bob Peterson"
tt10872600,8,2022-05-09,"Spider-Man: No Way Home","Spider-Man: No Way Home",https://www.imdb.com/title/tt10872600,Movie,8.2,148,2021,"Action, Adventure, Sci-Fi, Fantasy",983639,"2021-12-17","Jon Watts"
tt0435761,9,2022-05-09,"Toy Story 3","Toy Story 3",https://www.imdb.com/title/tt0435761,Movie,8.3,103,2010,"Animation, Adventure, Comedy, Family, Fantasy",948914,"2010-06-18","Lee Unkrich"
tt0816692,8,2022-05-09,"Interstellar","Interstellar",https://www.imdb.com/title/tt0816692,Movie,8.7,169,2014,"Sci-Fi, Adventure, Drama",2421708,"2014-11-07","Christopher Nolan"
tt16375288,9,2022-05-06,"South Park: Post COVID: The Return of COVID","South Park: Post COVID: The Return of COVID",https://www.imdb.com/title/tt16375288,TV Movie,7.5,62,2021,"Animation, Comedy",9102,"2021-12-16","Trey Parker"
tt15005868,8,2022-05-06,"South Park: Post COVID","South Park: Post COVID",https://www.imdb.com/title/tt15005868,TV Movie,7.5,57,2021,"Animation, Comedy",13238,"2021-11-25","Trey Parker"
tt0119217,8,2022-05-06,"Good Will Hunting","Good Will Hunting",https://www.imdb.com/title/tt0119217,Movie,8.3,126,1997,"Romance, Drama",1170920,"1998-01-09","Gus Van Sant"
tt2661044,7,2022-05-04,"The 100","The 100",https://www.imdb.com/title/tt2661044,TV Series,7.5,43,2014,"Sci-Fi, Drama, Action",296948,"2014-03-19",
tt2193021,7,2022-05-04,"Arrow","Arrow",https://www.imdb.com/title/tt2193021,TV Series,7.5,42,2012,"Action, Drama, Mystery, Adventure, Sci-Fi, Crime",457476,"2012-10-10",
tt0111161,9,2021-12-25,"The Shawshank Redemption","The Shawshank Redemption",https://www.imdb.com/title/tt0111161,Movie,9.3,142,1994,"Drama",3112570,"1994-10-14","Frank Darabont"
tt0944947,10,2021-12-21,"Game of Thrones","Game of Thrones",https://www.imdb.com/title/tt0944947,TV Series,9.2,60,2011,"Fantasy, Drama, Adventure, Action",2493687,"2011-04-17",
